,Title,Date,Rating,Description,Score,Rank,Name,Platform,Year,Genre,Publisher,NA_Sales,EU_Sales,JP_Sales,Other_Sales,Global_Sales
1,Pac-Man,9-Aug-06,E,"[Xbox Live Arcade]  Play one of the all-time classic videogames with Pac-Man. Move through treacherous mazes and eat all the Pac-Dots to clear each stage while avoiding the sinister ghosts. Eat Power Pellets to become temporarily invincible. Turn the tables on the ghosts and chase them down. Eat all four ghosts to ear the most bonus points. Are you skilled enough to stay alive through all the stages? This classic video game was released in 1980, and became a phenomenon around the world. The Guinness Book of World Records acknowledged Pac-Man as the ""Most Successful Coin-Operated Game in History"" in 2005. Now you won't need a pocketful of quarters to play this classic arcade title. [Namco Bandai]",Metascore 62 out of 100,90,Pac-Man,2600,1982,Puzzle,Atari,7.28,0.45,0,0.08,7.81
2,Pac-Man,,,,,,,,,,,,,,,
,Kinect Sports,6-Jun-17,E10+,"This action sports compilation for the Xbox 360's motion-sensing accessory Kinect features boxing, bowling, beach volleyball, soccer, ping-pong, and traditional athletic events.",Metascore 73 out of 100,140,Kinect Sports,X360,2010,Sports,Microsoft Game Studios,3.92,1.78,0.03,0.51,6.24
,Metal Gear Solid,21-Jun-24,M,"You are Snake, a government agent on a mission to regain control of a secret nuclear weapons base from terrorist hands. Lightly armed and facing an army of foes, Snake must avoid firefights in order to survive. If Snake can locate them he can utilize advanced hardware, ranging from silenced pistols to ground-to-air missiles. Enemies react to sight and sound - so stay quiet and stay in the shadows. State-of-the-art graphics: textures, transparencies, models and explosions. Taut, gripping story with multiple endings - a truly cinematic experience.",Metascore 94 out of 100,146,Metal Gear Solid,PS,1998,Action,Konami Digital Entertainment,3.18,1.83,0.78,0.24,6.03
,Monster Hunter Freedom Unite,12-Sep-06,E10+,"The Monster Hunter world is always changing and you will need to be ready for anything - but killing and trapping monsters will always be most important part of your duty. Monster Hunter Freedom Unite is the biggest game of the series so far, letting you adventure with up to three friends through over 500 hours of gameplay. In MHFU you can battle previously unseen monsters in new environments, not to mention the many new weapons and armor sets available. From devising the strategy to executing the attack, team play with your friends is going to be key to hunting down the ferocious beasts. MHFU rewards considered tactics and well-executed combat sequences so plan and work together and you will prosper. [Capcom]",Metascore 81 out of 100,162,Monster Hunter Freedom Unite,PSP,2008,Role-Playing,Capcom,0.47,0.57,4.13,0.34,5.5
,The Simpsons: Hit & Run,5-Jul-10,T,"The Simpsons Hit & Run is a mission-based driving game featuring out-of-the-car platform action, the interactive world of Springfield,and the signature humor of the Simpsons. New story and dialogue crafted by writers from The Simpsons television show. All character voices supplied by the cast of The Simpsons television show. Over 56 missions in 7 huge levels. Explore Springfield on foot as Homer, Bart, Lisa, Marge,and Apu. Hidden pick-ups containing trivia material from 300-plus episodes of The Simpsons. [Vivendi Universal]",Metascore 78 out of 100,225,The Simpsons: Hit & Run,PS2,2003,Racing,Vivendi Games,1.73,2.19,0,0.79,4.7
,Batman: Arkham Asylum,17-Nov-10,E,"In Batman: Arkham Asylum, the player assumes the role of Batman as he delivers The Joker to Arkham Asylum. There, the imprisoned super-villains have set a trap and an immersive combat gaming experience unfolds. With an original script penned by Emmy Award-winning Batman writer Paul Dini, the game brings the universe of DC Comics' detective to life with stunning graphics. Batman: Arkham Asylum offers players the chance to battle Gotham's worst villains with Batman's physical and psychological strength in a graphically distinct and story-driven game. [Eidos Interactive]",Metascore 92 out of 100,263,Batman: Arkham Asylum,PS3,2009,Action,Eidos Interactive,2.23,1.34,0.07,0.61,4.25
,Super Paper Mario,9-Apr-07,E,"The newest chapter of the Paper Mario story isn't just out of this world ... it's out of this dimension. What at first glance appears to be a 2-D sidescroller ripped straight from the pages of the Paper Mario universe soon turns into a 3-D action-adventure that defies all video game logic. Fusing 2-D and 3-D perspectives, not to mention RPG and platformer elements, the game slips back and forth between dimensions. The action sprawls across eight worlds filled with traps, puzzles, bizarre mysteries and items that often draw themselves out of thin air. Oh, and just because Mario's in the title doesn't mean he's the only star – players also get to play as Peach and Bowser. [Nintendo]",Metascore 85 out of 100,330,Super Paper Mario,Wii,2007,Platform,Nintendo,1.98,0.88,0.59,0.32,3.76
,The Witcher 3: Wild Hunt,23-Mar-04,T,"With the Empire attacking the Kingdoms of the North and the Wild Hunt, a cavalcade of ghastly riders,  breathing down your neck, the only way to survive is to fight back. As Geralt of Rivia, a master swordsman and monster hunter, leave none of your enemies standing. Explore a gigantic open world, slay beasts and decide the fates of whole communities with your actions, all in a genuine next generation format.",Metascore 92 out of 100,332,The Witcher 3: Wild Hunt,PS4,2015,Role-Playing,Namco Bandai Games,0.96,2,0.21,0.56,3.73
,Batman: Arkham Asylum,17-Nov-10,E,"In Batman: Arkham Asylum, the player assumes the role of Batman as he delivers The Joker to Arkham Asylum. There, the imprisoned super-villains have set a trap and an immersive combat gaming experience unfolds. With an original script penned by Emmy Award-winning Batman writer Paul Dini, the game brings the universe of DC Comics' detective to life with stunning graphics. Batman: Arkham Asylum offers players the chance to battle Gotham's worst villains with Batman's physical and psychological strength in a graphically distinct and story-driven game. [Eidos Interactive]",Metascore 92 out of 100,376,Batman: Arkham Asylum,X360,2009,Action,Eidos Interactive,2.2,0.97,0.02,0.31,3.5
,LEGO Batman: The Videogame,6-Sep-19,E,"A stampede of notorious criminals have busted out of Arkham Asylum, where Gotham City houses only the shadiest of characters. It's up to the famed Caped Crusader to sweep Gotham clean of criminal activity using everything at his disposal, including crime-fighting vehicles as well as several baddie-bashing bat gadgets. [Warner Bros.]",Metascore 76 out of 100,395,LEGO Batman: The Videogame,X360,2008,Action,Warner Bros. Interactive Entertainment,2.03,1.03,0,0.32,3.38
,The Lord of the Rings: The Return of the King,29-Jul-20,T,"Return to Middle-earth in the only video game based on the epic final chapter of the highly-acclaimed The Lord of the Rings movie trilogy. Developed using the same digital assets as the films, The Return of the King re-creates in stunning detail the final events of the War of the Ring. Become the heroes who determine the fate of Middle-earth as you traverse the haunted Paths of the Dead, defend Minas Tirith from the onslaught of thousands of Sauron's minions, and even play co-op multiplayer with a friend as you march against the impenetrable Black Gates of Mordor. Eight playable characters, including Gandalf, Aragorn, Legolas, Gimli, Sam, and Frodo with exclusive voice-over provided by the films&#8217; actors. The fate of Middle-earth is in your hands. [Electronic Arts]",Metascore 85 out of 100,409,The Lord of the Rings: The Return of the King,PS2,2003,Action,Electronic Arts,1.5,1.28,0.05,0.46,3.28
,LEGO Batman: The Videogame,6-Sep-19,E,"A stampede of notorious criminals have busted out of Arkham Asylum, where Gotham City houses only the shadiest of characters. It's up to the famed Caped Crusader to sweep Gotham clean of criminal activity using everything at his disposal, including crime-fighting vehicles as well as several baddie-bashing bat gadgets. [Warner Bros.]",Metascore 76 out of 100,432,LEGO Batman: The Videogame,Wii,,Action,Warner Bros. Interactive Entertainment,1.86,1.02,0,0.29,3.17
,LEGO Batman: The Videogame,6-Sep-19,E,"A stampede of notorious criminals have busted out of Arkham Asylum, where Gotham City houses only the shadiest of characters. It's up to the famed Caped Crusader to sweep Gotham clean of criminal activity using everything at his disposal, including crime-fighting vehicles as well as several baddie-bashing bat gadgets. [Warner Bros.]",Metascore 76 out of 100,437,LEGO Batman: The Videogame,DS,2008,Action,Warner Bros. Interactive Entertainment,1.79,1.06,0,0.29,3.15
,Mass Effect 3,31-Dec-96,M,"BioWare completes the Mass Effect Trilogy with Mass Effect 3. Earth is burning. Striking from beyond known space, a race of terrifying machines have begun their destruction of the human race. As Commander Shepard, an Alliance Marine, the only hope for saving mankind is to rally the civilizations of the galaxy and launch one final mission to take back the Earth.",Metascore 93 out of 100,458,Mass Effect 3,X360,2012,Role-Playing,Electronic Arts,1.94,0.86,0.03,0.24,3.07
,Tom Clancy's Splinter Cell,9-Nov-22,M,"Infiltrate terrorists' positions, acquire critical intelligence by any means necessary, execute with extreme prejudice, and exit without a trace.  In Tom Clancy's Splinter Cell, you are Sam Fisher, a highly trained secret operative of the NSA's secret arm: Third Echelon.  Suit up with the latest classified field operative gear and weapons as you travel through diverse mission objectives.  The world's future is in your hands, as cyber terrorism and international tensions are about to explode into WWIII.",Metascore 93 out of 100,465,Tom Clancy's Splinter Cell,XB,2002,Action,Ubisoft,1.85,1.04,0,0.13,3.02
,Monster Hunter Tri,20-Apr-10,T,"Monster Hunter Tri sets a new bar in the action/adventure genre with the introduction of new features and game play elements as the multi-million unit selling franchise makes its debut on the Wii system. Monster Hunter Tri depicts a living, breathing ecosystem where man co-exists with fantastic beasts that roam both the land and the sea. Featuring both online and offline cooperative modes, players can join online hunting parties with up to four players or play with two players on a single TV for select quests. Players also have the option to face Monster Hunter Tri's challenging quests as a single player experience accompanied by Cha-Cha, an AI hunting partner whose tracking and trapping skills prove invaluable in the hunt. New items, weapons and armor sets will also be available to assist the hunters as they embark on the most incredible Monster Hunter adventure to date. [Capcom]",Metascore 84 out of 100,537,Monster Hunter Tri,3DS,2011,Role-Playing,Nintendo,0.46,0.29,1.96,0.07,2.79
,Onimusha: Warlords,20-Jan-22,E,"As power-hungry warlords battle one another for control of feudal Japan, a young princess is kidnapped. Now, one lone swordsman, Samanosuke, boldly volunteers to rescue and avenge her. An entire legion of demon warriors stands between you and the princess, so you'll need all your weapons and magic to break through. The world of Onimusha: Warlords comes alive with waterfalls, wind effects, insects, and weather, but in order to triumph, you must stay focused on your mission.",Metascore 71 out of 100,553,Onimusha: Warlords,PS2,2001,Action,Virgin Interactive,0.99,0.48,1.09,0.14,2.7
,Tom Clancy's Splinter Cell,9-Nov-22,M,"Infiltrate terrorists' positions, acquire critical intelligence by any means necessary, execute with extreme prejudice, and exit without a trace.  In Tom Clancy's Splinter Cell, you are Sam Fisher, a highly trained secret operative of the NSA's secret arm: Third Echelon.  Suit up with the latest classified field operative gear and weapons as you travel through diverse mission objectives.  The world's future is in your hands, as cyber terrorism and international tensions are about to explode into WWIII.",Metascore 93 out of 100,571,Tom Clancy's Splinter Cell,PS2,2003,Action,Ubisoft,1.15,1.11,0,0.4,2.65
,Harry Potter and the Chamber of Secrets,22-Feb-18,E,"Players enter fantastical free-roaming 3D environments from Harry's world. Players become Harry Potter and delve not only into Harry's world, but also into his personality, via an internal ""voice."" Conversing with unique characters like Moaning Myrtle, shopping in Diagon Alley, and exploring the convoluted corridors of Hogwarts, players make crucial and independent decisions within Harry's world. Additionally, Harry can, of course, cast spells against foes - but these spells must be perfectly executed, or they could be miscast with humorous or critical consequences! Mini-games within levels can be revisited, so players can help Mrs. Weasley with ""de-gnoming"" her garden, challenge other students in Professor Lockhart?s Dueling Club, or complete other mini-games again and again. [EA Games]",Metascore 71 out of 100,587,Harry Potter and the Chamber of Secrets,PS2,2002,Action,Electronic Arts,0.9,1.22,0.04,0.44,2.61
,Monster Hunter Freedom 2,4-Nov-04,T,"The hunt-or-be-hunted adventure continues with more content and options than ever before.  Monster Hunter Freedom 2 builds on Monster Hunter2 (Dos) for the PS2 (previously released in Japan only) and contains 50% more content than the original Monster Hunter Freedom. In this unique action-adventure game, gamers increase their play skills as they battle through breath-taking environments while defeating bloodthirsty creatures. As mighty hunters, players can face a variety of quests alone, but the true spirit of the game comes from playing with others. Multiplayer cooperative battles for up to four friends via wireless ad hoc mode foster team building and strategy for the ultimate battle of man vs. beast. Players can fully customize their characters, building up their abilities with armor and weaponry as they make their way through hundreds of quests. With the addition of infrastructure functionality, players will now be able to download even more content and quests. [Capcom]",Metascore 72 out of 100,596,Monster Hunter Freedom 2,PSP,2007,Role-Playing,Capcom,0.37,0.27,1.75,0.18,2.58
,Marvel: Ultimate Alliance,4-Nov-08,E,"Marvel: Ultimate Alliance is an action/RPG that features the largest roster of comic book characters ever seen in a video game.  Players assume the roles of more than 20 Marvel Super Heroes including Spider-Man, Wolverine, Blade and Captain America, and through their actions determine the fate of both planet Earth and the Marvel universe – revealed in one of multiple epilogues. Marvel: Ultimate Alliance offers total team customization, where players create their own team name, icon and vehicle, as well as establish their team reputation as they play throughout the story.  Gamers also have the option to level up each character individually to their liking, or all team members at the same time to keep their heroes balanced.  With the game's new combat system, players battle against the world's most notorious Marvel Super Villains in the air, underwater, and on the ground, using grappling, blocking and dodging moves, by charging up their Super Hero powers before unleashing them, and using environmental objects as one and two-handed weapons. Marvel:  Ultimate Alliance features a storyline where the missions players accept, the objectives they complete, and their interactions with other characters throughout the game directly impact how the story plays out. The game also features a robust multiplayer component where fans can band together with friends as their favorite Marvel Super Heroes, and fight evil in both on and offline cooperative story modes.  There's also a Competitive Mode where the game tracks various in-game stats so players can see how well they stack up against one another – affecting the amount of experience points earned and how equipment is distributed. [Activision]",Metascore 82 out of 100,614,Marvel: Ultimate Alliance,X360,2006,Role-Playing,Activision,2.29,0.02,0,0.19,2.5
,Bloodborne,12-Jun-08,M,"Bloodborne is an action RPG in which you hunt for answers in the ancient city of Yharnam, now cursed with a strange endemic illness spreading through the streets like a disease. Peril, death and madness infest this dark world, and you're tasked with uncovering its darkest secrets which will be necessary for you to survive. Armed with a singular arsenal of weaponry, including guns and saw cleavers, you'll require wits, strategy and reflexes to dispatch the agile and intelligent enemies that guard the city's underbelly. You will utility holy chalices to access an array of vast underground ruins, chock full of traps, beasts, and rewards, to explore and conquer on your own or with other people.",Metascore 92 out of 100,662,Bloodborne,PS4,2015,Action,Sony Computer Entertainment,1,0.76,0.26,0.36,2.38
,Kinect Sports: Season Two,28-Feb-17,T,"&quot;Kinect Sports: Season Two&quot; pulls the whole family off the couch and turns your living room into a world-class sports arena where intuitive, full-body gameplay and friendly competition reign supreme. Following the top-selling and award-winning &quot;Kinect Sports: Season Two,&quot; the second season amps up the action and delivers sporting gameplay like you’ve never seen — or felt — before!",Metascore 66 out of 100,671,Kinect Sports: Season Two,X360,2011,Sports,Microsoft Game Studios,1.38,0.74,0.02,0.22,2.36
,James Bond 007: Everything or Nothing,11-Apr-17,T,"Think like Bond, act like Bond, and experience an entirely new Bond adventure.  James Bond, the world's greatest secret agent, returns in Everything or Nothing with new guns and gadgets, combat skills, and clever tricks--and it's up to you to put them to good use.  Travel through four exciting continents including the Valley of the Kings in Egypt and the French Quarter in New Orleans.  The game also features two-player co-op missions and four-player multiplayer arena modes.",Metascore 83 out of 100,687,James Bond 007: Everything or Nothing,PS2,2004,Shooter,Electronic Arts,0.85,1.06,0.09,0.32,2.31
,Onimusha 2: Samurai's Destiny,30-Sep-21,T,"Return to the magical days of feudal Japan and join Jubei, a young warrior, as he launches an epic, magical quest, only to reveal his ultimate destiny! [Capcom]",Metascore 84 out of 100,716,Onimusha 2: Samurai's Destiny,PS2,2002,Adventure,Capcom,0.62,0.44,1.06,0.13,2.25
,Monster Hunter Tri,20-Apr-10,T,"Monster Hunter Tri sets a new bar in the action/adventure genre with the introduction of new features and game play elements as the multi-million unit selling franchise makes its debut on the Wii system. Monster Hunter Tri depicts a living, breathing ecosystem where man co-exists with fantastic beasts that roam both the land and the sea. Featuring both online and offline cooperative modes, players can join online hunting parties with up to four players or play with two players on a single TV for select quests. Players also have the option to face Monster Hunter Tri's challenging quests as a single player experience accompanied by Cha-Cha, an AI hunting partner whose tracking and trapping skills prove invaluable in the hunt. New items, weapons and armor sets will also be available to assist the hunters as they embark on the most incredible Monster Hunter adventure to date. [Capcom]",Metascore 84 out of 100,720,Monster Hunter Tri,Wii,2009,Role-Playing,Nintendo,0.67,0.41,1.05,0.11,2.25
,Mario Sports Mix,8-Apr-14,E10+,A variety of sports games featuring your favorite Nintendo characters.,Metascore 64 out of 100,783,Mario Sports Mix,Wii,2010,Sports,Nintendo,0.9,0.45,0.63,0.13,2.11
,Parasite Eve,29-May-18,E10+,"One of them is a police officer. The other is possessed by an ancient evil threatening all life on Earth. The horrifying bond between them will continue until something dies. A chilling adventure that could only come from the creators of Final Fantasy VII. An epic sci-fi tale told through stunning 3D rendered sequences. Battle mutant monsters in real-time polygon combat. Customize weapons, armor, and character abilities.",Metascore 81 out of 100,787,Parasite Eve,PS,1998,Role-Playing,SquareSoft,0.94,0.07,1.05,0.04,2.1
,Metal Gear Solid: Peace Walker,29-Jul-22,T,"METAL GEAR SOLID: PEACE WALKER takes the series in an exciting new direction with incredible visuals, as it sheds new light on well-known adversaries and allies, along with a wealth of new characters. In true METAL GEAR SOLID tradition, METAL GEAR SOLID: PEACE WALKER drops the player into a series of hostile scenarios, as a terrible plan for world domination is revealed. In addition to solo operations, players can team up via the game's multi-player CO-OPS (CO-operative OPerationS) mode. This extends to key gameplay advances, with players administering medical help to colleagues, sharing munitions, or providing cover for each other using the Snake formation to cover each other's blind spots. [Konami]",Metascore 89 out of 100,800,Metal Gear Solid: Peace Walker,PSP,2010,Action,Konami Digital Entertainment,0.46,0.42,0.96,0.25,2.09
,Kingdom Hearts: Birth by Sleep,21-Oct-20,T,"Long before Sora was chosen by his Keyblade, the worlds' safety lay in the hands of the true Keyblade Masters. Three youths - Terra, Ventus and Aqua - have been training long and hard under Master Eraqus to prove that they, too, exhibit the Mark of Mastery. But they will soon find themselves in the middle of a crisis affecting worlds far beyond their own - just as another Keyblade Master, Xehanort, goes mysteriously missing. Three friends, three destinies. Everything will link back to the beginning.",Metascore 82 out of 100,811,Kingdom Hearts: Birth by Sleep,PSP,2010,Role-Playing,Square Enix,0.63,0.42,0.75,0.26,2.07
,Harry Potter and the Chamber of Secrets,22-Feb-18,E,"Players enter fantastical free-roaming 3D environments from Harry's world. Players become Harry Potter and delve not only into Harry's world, but also into his personality, via an internal ""voice."" Conversing with unique characters like Moaning Myrtle, shopping in Diagon Alley, and exploring the convoluted corridors of Hogwarts, players make crucial and independent decisions within Harry's world. Additionally, Harry can, of course, cast spells against foes - but these spells must be perfectly executed, or they could be miscast with humorous or critical consequences! Mini-games within levels can be revisited, so players can help Mrs. Weasley with ""de-gnoming"" her garden, challenge other students in Professor Lockhart?s Dueling Club, or complete other mini-games again and again. [EA Games]",Metascore 71 out of 100,855,Harry Potter and the Chamber of Secrets,GBA,2002,Action,Electronic Arts,1.21,0.64,0.05,0.09,1.99
,Tenchu: Stealth Assassins,28-Mar-06,E10+,"Prowl and strike with lethal precision as ninja assassins Rikimaru or Ayame in the shadowy world of feudal Japan. Armed with mystical weapons and sheer cunning, you must shed blood with discretion and move without detection. For only the unseen survive. Master dozens of motion-captured ninja moves as you disembowel fearsome samurai, wild beasts, and evil demons. Wield 20 stunning death-dealing devices, including throwing stars, grappling hooks, caltrops and more. Stalk the towns, temples, forests, caves and dungeons of 16th century Japan in 10 deadly missions.",Metascore 87 out of 100,853,Tenchu: Stealth Assassins,PS,1997,Action,Activision,0.95,0.64,0.27,0.13,1.99
,Harry Potter and the Chamber of Secrets,22-Feb-18,E,"Players enter fantastical free-roaming 3D environments from Harry's world. Players become Harry Potter and delve not only into Harry's world, but also into his personality, via an internal ""voice."" Conversing with unique characters like Moaning Myrtle, shopping in Diagon Alley, and exploring the convoluted corridors of Hogwarts, players make crucial and independent decisions within Harry's world. Additionally, Harry can, of course, cast spells against foes - but these spells must be perfectly executed, or they could be miscast with humorous or critical consequences! Mini-games within levels can be revisited, so players can help Mrs. Weasley with ""de-gnoming"" her garden, challenge other students in Professor Lockhart?s Dueling Club, or complete other mini-games again and again. [EA Games]",Metascore 71 out of 100,856,Harry Potter and the Chamber of Secrets,PS,2002,Action,Electronic Arts,0.75,1.09,0.02,0.12,1.98
,Star Fox Adventures,14-Mar-01,M,"General Scales has unleashed powers that are tearing apart the once-peaceful Dinosaur Planet. With the survival of his home planet at risk, Fox McCloud receives an urgent message to battle Scales and his vast army of SharpClaws. As Fox, you'll gain support from Star Fox Team members Slippy, Peppy, and Rob. You must rely on the mystical powers of a unique staff as you battle Scales' minions, befriend peaceful plant-eaters, and encounter eerie spirits that hold the key to the planet's survival.",Metascore 82 out of 100,921,Star Fox Adventures,GC,2002,Adventure,Nintendo,0.96,0.53,0.3,0.09,1.87
,Dragon's Dogma,24-Sep-19,M,"A legend is born in this open-world adventure. Assume the role of the Arisen, a legendary hero in a land haunted by a feared, omnipotent dragon. As you fight to protect your homeland, you will pick up companions, make enemies, and find yourself embroiled in an even deeper mystery.",Metascore 75 out of 100,979,Dragon's Dogma,PS3,2012,Role-Playing,Capcom,0.41,0.46,0.72,0.19,1.78
,The Getaway: Black Monday,16-Oct-00,T,"The Getaway: Black Monday leaves it up to the player to decide how to play and how the story ends, from choosing how to complete missions, to deciding how to get to the next real London location. In The Getaway: Black Monday, the narrative will progress backward and forward in time, both in gameplay and movie sequences. One story unfolds from three unique perspectives, as the paths of the characters entwine. The story begins with a chain of events that takes place two years after the demise of the most notorious crime boss of London's East End, Charlie Jolson. A simple bank job goes wrong ? a small-time thug gets in way over his head and a cop is out for revenge ? sending two sides of the same tale into a collision course for an explosive showdown. By choosing which path to take, players will make critical decisions that influence the final outcome of the game. [SCEA]",Metascore 57 out of 100,976,The Getaway: Black Monday,PS2,2004,Action,Sony Computer Entertainment,0.39,1.01,0.02,0.36,1.78
,Disney Infinity,14-May-02,M,"In Disney's most ambitious video game initiative ever, Disney Infinity introduces an all-new game universe where a spark of imagination unlocks a fantastical world where players have unprecedented freedom and endless opportunity to create stories and play experiences starring the beloved characters from Walt Disney and Pixar Animation Studios' most popular franchises.",Metascore 74 out of 100,1031,Disney Infinity,Wii,2013,Action,Disney Interactive Studios,1.15,0.44,0,0.14,1.73
,Big Beach Sports,7-Dec-09,T,"Big Beach Sports drops players into a seaside resort setting where up to four players can compete in sports including volleyball, soccer, American football, bocce, disc golf and cricket. The single player tournament structure encourages players to master each sport through the use of creative control combinations and real-life sport motions. [THQ]",Metascore 44 out of 100,1086,Big Beach Sports,Wii,2008,Sports,THQ,0.45,1.02,0,0.2,1.67
,Ms. Pac-Man,26-May-22,E,"[Xbox Live Arcade]  Guide Ms. Pac-Man through mazes, munching Pac-Dots and Power Pellets to clear each stage. Remains true to the classic arcade version, including ghosts, dot chomping action, and Ms. Pac-Man's original ""waka waka"" sounds. Full of hilarious antics as you avoid moving fruits and smart monsters through the fun filled mazes. Munch a Power Pellet to momentarily turn ghosts blue. When ghosts are blue, Ms. Pac-Man can eat them for bonus points.. Play all 255 mazes from the original. Free trial demo provides players with the first 2 levels of the game. Gamers can track their high scores on the Ms. Pac-Man leaderboards and strive to garner all 12 Achievements. [Namco Bandai Games]",Metascore 65 out of 100,1108,Ms. Pac-Man,2600,1981,Puzzle,Atari,1.54,0.1,0,0.02,1.65
,Dig Dug,12-Nov-02,T,"[Xbox Live Arcade]  Experience the fast-paced action of this quarter-cruncher from 1982 as you take control of Dig Dug himself and vanquish Pookas and Fygars. Using your trusty pump, inflate your enemies until they pop, or squash them under rocks. Don't hesitate, or you could get squashed yourself. Drive your high score up by taking out enemies further underground, or making more difficult kills. Dig! Propel Dig Dug through underground tunnels as he hunts down monsters. The more dirt you move, the more points you get. Watch out for treacherous rocks and use them to your advantage. Fight! Just because your enemies start in tunnels doesn't mean they have to stay there. Watch out for them sneaking up on you and make them pay! Collect! Drop more than two rocks and look for icons to start appearing in the center of the map! Collect these items, including the ship from the Xbox Live Arcade game Galaga, to drive your score higher. [Microsoft]",Metascore 65 out of 100,1117,Dig Dug,2600,1982,Puzzle,Atari,1.52,0.1,0,0.02,1.64
,Star Wars: The Force Unleashed II,31-Aug-04,M,"With Star Wars: The Force Unleashed II, the epic story continues as players once again assume the role of the devastatingly powerful Starkiller - Darth Vader's secret apprentice set during the largely unexplored era between Star Wars: Episode III Revenge of the Sith and Star Wars: Episode IV A New Hope.",Metascore 61 out of 100,1205,Star Wars: The Force Unleashed II,PS3,2010,Action,LucasArts,0.8,0.53,0,0.22,1.55
,Tom Clancy's Splinter Cell: Pandora Tomorrow,28-Mar-05,M,"Tom Clancy's Splinter Cell: Pandora Tomorrow, the sequel to the stealth-action game Splinter Cell, once again casts you in the role of Sam Fisher, who is sent in to destroy top-secret documentation held in the embassy of militia leader Suhadi Sadono.  Use all-new moves and prototype gear to infiltrate buildings and spare the hostages.  This time, you can take your games of espionage against three other players in online multiplayer mode, in which you choose to play as either a mercenary or spy.  You've got the moves and the gear, now put them to use.",Metascore 93 out of 100,1286,Tom Clancy's Splinter Cell: Pandora Tomorrow,XB,2004,Action,Ubisoft,0.82,0.59,0,0.07,1.48
,Dirge of Cerberus: Final Fantasy VII,22-Mar-11,T,"The time has come to cleanse this world. Hunt down the unworthy...and show them no mercy. Three years have passed since the events of FINAL FANTASY VII. Buried alive following the Meteor disaster, a mysterious group known as the DG (Deepground) Soldiers emerges and begins raiding the city. The enigmatic Vincent Valentine is somehow connected to these attacks, and he may be the only one who can save this shattered world. When the world is engulfed in darkness, his gun will toll a dreadful dirge... Other characters from FINAL FANTASY VII join Vincent on his journey, and as the story unfolds, you will bear witness to shocking truths never revealed in the original game.",Metascore 57 out of 100,1279,Dirge of Cerberus: Final Fantasy VII,PS2,2006,Shooter,Square Enix,0.47,0.37,0.52,0.12,1.48
,Star Wars: The Force Unleashed II,31-Aug-04,M,"With Star Wars: The Force Unleashed II, the epic story continues as players once again assume the role of the devastatingly powerful Starkiller - Darth Vader's secret apprentice set during the largely unexplored era between Star Wars: Episode III Revenge of the Sith and Star Wars: Episode IV A New Hope.",Metascore 61 out of 100,1295,Star Wars: The Force Unleashed II,X360,2010,Action,LucasArts,0.95,0.4,0,0.12,1.47
,Metal Gear Rising: Revengeance,18-May-05,E10+,"Metal Gear Rising: Revengeance brings the infamous Metal Gear franchise into new territory by delivering a novel action experience. Coupling development teams at Kojima Productions and PlatinumGames, Revengeance was made with the goal of providing players with a fresh synergetic experience that combines the best elements of pure action and epic storytelling, all within the expansive Metal Gear universe. The game introduces Raiden as the lead character; a young soldier transformed into a half-man, half-machine cyborg ninja, equipped with a high-frequency katana blade and a soul fueled by revenge.",Metascore 80 out of 100,1293,Metal Gear Rising: Revengeance,PS3,2013,Action,Konami Digital Entertainment,0.45,0.4,0.44,0.18,1.47
,Mass Effect 3,31-Dec-96,M,"BioWare completes the Mass Effect Trilogy with Mass Effect 3. Earth is burning. Striking from beyond known space, a race of terrifying machines have begun their destruction of the human race. As Commander Shepard, an Alliance Marine, the only hope for saving mankind is to rally the civilizations of the galaxy and launch one final mission to take back the Earth.",Metascore 93 out of 100,1311,Mass Effect 3,PS3,2012,Role-Playing,Electronic Arts,0.63,0.59,0.03,0.21,1.46
,Onimusha 3: Demon Siege,27-Apr-04,M,"In Onimusha 3 Demon Siege the year is 1582 and 10 years have passed since the events that unfolded in Onimusha 2 Samurai?s Destiny. The stage is set at the burning Honnoji Temple, as the famous Onimusha warrior Samanosuke Akechi (Takeshi Kaneshiro) continues to fight the demons in his path. The moment has finally arrived for Samanosuke to confront the true enemy that has eluded him until now, the undying Nobunaga Oda. Unfortunately before the long-awaited final battle begins, Samanosuke is suddenly engulfed in a whirlpool of light and disappears. The year is 2004. A peaceful French metropolis is suddenly attacked by demons. In the blink of an eye, the city is transformed into a hellish sea of blood as Genma demons slaughter civilians and soldiers one by one. Within this pit of darkness appears one man who stands up against the Genma demons, Jacques Braun (Jean Reno). As a member of the French army, Jacques is deployed to the nightmarish scene only to discover himself amid a plague of horrific enemies that are beyond anyone?s imagination. An ancient samurai warrior unexpectedly appears to help him defend the helpless city. As they cooperatively fight off the demons, Jacquesis caught in a mysterious vortex and vanishes to feudal Japan, leaving the warrior behind in modern day France. Why has Samanosuke appeared in present Paris and Jacques in feudal Japan? What fate awaits these two men? The fierce and bloody battle is unfurled as the beginning of the final Onimusha chapter unfolds. [Capcom]",Metascore 85 out of 100,1317,Onimusha 3: Demon Siege,PS2,2004,Action,Capcom,0.37,0.47,0.54,0.07,1.45
,Disney Infinity,14-May-02,M,"In Disney's most ambitious video game initiative ever, Disney Infinity introduces an all-new game universe where a spark of imagination unlocks a fantastical world where players have unprecedented freedom and endless opportunity to create stories and play experiences starring the beloved characters from Walt Disney and Pixar Animation Studios' most popular franchises.",Metascore 74 out of 100,1348,Disney Infinity,X360,2013,Action,Disney Interactive Studios,0.96,0.37,0,0.11,1.43
,Deus Ex: Human Revolution,12-Apr-05,M,"In Deus Ex: Human Revolution you play Adam Jensen, a security specialist, handpicked to oversee the defense of one of America's most experimental biotechnology firms. But when a black ops team breaks in and kills the scientists you were hired to protect, everything you thought you knew about your job changes. At a time when scientific advancements are routinely turning athletes, soldiers and spies into super-enhanced beings, someone is working very hard to ensure mankind's evolution follows a particular path. You need to discover why - because the decisions you take and the choices you make will be the only things that can determine mankind's future.",Metascore 89 out of 100,1394,Deus Ex: Human Revolution,PS3,2011,Shooter,Square Enix,0.5,0.6,0.07,0.23,1.39
,Deus Ex: Human Revolution,12-Apr-05,M,"In Deus Ex: Human Revolution you play Adam Jensen, a security specialist, handpicked to oversee the defense of one of America's most experimental biotechnology firms. But when a black ops team breaks in and kills the scientists you were hired to protect, everything you thought you knew about your job changes. At a time when scientific advancements are routinely turning athletes, soldiers and spies into super-enhanced beings, someone is working very hard to ensure mankind's evolution follows a particular path. You need to discover why - because the decisions you take and the choices you make will be the only things that can determine mankind's future.",Metascore 89 out of 100,1400,Deus Ex: Human Revolution,X360,2011,Shooter,Square Enix,0.76,0.48,0.02,0.12,1.39
,LEGO Harry Potter: Years 5-7,16-Apr-20,E,"Based on the last three Harry Potter books and final four films, LEGO Harry Potter: Years 5-7 takes players through Harry Potter’s heroic adventures in the Muggle and wizarding worlds. From Privet Drive in Little Whinging to Diagon Alley, Hogsmeade and Hogwarts – plus new locations including Grimmauld Place, the Ministry of Magic, and Godric’s Hollow – players will encounter new faces, new challenges and new magic, preparing them for the ultimate face-off against Lord Voldemort.",Metascore 77 out of 100,1435,LEGO Harry Potter: Years 5-7,Wii,,Action,Warner Bros. Interactive Entertainment,0.76,0.47,0,0.13,1.36
,The Simpsons: Hit & Run,5-Jul-10,T,"The Simpsons Hit & Run is a mission-based driving game featuring out-of-the-car platform action, the interactive world of Springfield,and the signature humor of the Simpsons. New story and dialogue crafted by writers from The Simpsons television show. All character voices supplied by the cast of The Simpsons television show. Over 56 missions in 7 huge levels. Explore Springfield on foot as Homer, Bart, Lisa, Marge,and Apu. Hidden pick-ups containing trivia material from 300-plus episodes of The Simpsons. [Vivendi Universal]",Metascore 78 out of 100,1448,The Simpsons: Hit & Run,XB,2003,Racing,Vivendi Games,0.7,0.58,0,0.07,1.35
,Pokemon Ranger: Guardian Signs,2-Dec-08,E10+,Guardian Signs is the third installment in the Pokemon Ranger series.,Metascore 68 out of 100,1483,Pokemon Ranger: Guardian Signs,DS,2010,Role-Playing,Nintendo,0.51,0.17,0.58,0.06,1.33
,Dark Souls II,6-Feb-18,T,"Prepare to die... Again. Dare yourself to engage against intense gameplay in a vast world powered by a new engine. Immerse yourself into mind-bending environments filled with new twisted monsters and deadly bosses. A vast array of threats will prey on human senses & phobias - auditory hallucinations, vertigo, acrophobia, etc. More intricate customization options provide weapons and armor tailoring to player style. [Namco Bandai Games]",Metascore 91 out of 100,1487,Dark Souls II,PS3,2014,Role-Playing,Namco Bandai Games,0.4,0.36,0.4,0.17,1.32
,LEGO Batman: The Videogame,6-Sep-19,E,"A stampede of notorious criminals have busted out of Arkham Asylum, where Gotham City houses only the shadiest of characters. It's up to the famed Caped Crusader to sweep Gotham clean of criminal activity using everything at his disposal, including crime-fighting vehicles as well as several baddie-bashing bat gadgets. [Warner Bros.]",Metascore 76 out of 100,1486,LEGO Batman: The Videogame,PS3,2008,Action,Warner Bros. Interactive Entertainment,0.72,0.42,0,0.19,1.32
,LEGO Batman: The Videogame,6-Sep-19,E,"A stampede of notorious criminals have busted out of Arkham Asylum, where Gotham City houses only the shadiest of characters. It's up to the famed Caped Crusader to sweep Gotham clean of criminal activity using everything at his disposal, including crime-fighting vehicles as well as several baddie-bashing bat gadgets. [Warner Bros.]",Metascore 76 out of 100,1500,LEGO Batman: The Videogame,PSP,,Action,Warner Bros. Interactive Entertainment,0.57,0.46,0,0.28,1.32
,EA Playground,24-Mar-17,M,"EA Playground features games that are easy to pick-up-and-play by fully capitalizing on the unique control mechanics of both the Wii and the Nintendo DS. Swing the Wii remote to excel in tetherball, blow into the Nintendo DS mic to fire spitballs or battle your friends and family in dodgeball. Every game brings its own twist to the controls for the ultimate, all-ages, party game. In EA Playground, you don't always have to be playing with your friends and family in order to have fun. Explore the world on your own as you enter different locations, unlocking new activities, making wacky in-game friends and collecting rewards and stickers to upgrade your abilities along the way. [Electronic Arts]",Metascore 66 out of 100,1521,EA Playground,Wii,2007,Sports,Electronic Arts,0.69,0.48,0,0.13,1.3
,Kid Icarus: Uprising,10-Sep-00,E,Kid Icarus: Uprising is the long-awaited franchise follow-up to the NES classic.,Metascore 83 out of 100,1550,Kid Icarus: Uprising,3DS,2012,Action,Nintendo,0.48,0.35,0.36,0.07,1.28
,Manhunt,7-Apr-21,E,"They just killed Cash. Now, they want to kill him again. America is full of run down, broken rust-belt towns where nobody cares and anything goes. In Carcer City, nothing matters anymore and all that's left are cheap thrills. The ultimate rush is the power to grant life and take it away, for sport. This time James Earl Cash, you are the sport. They gave you your life back. Now, they are going to hunt you down. You awake to the sound of your own panicked breath. You must run, hide and fight to survive. If you can stay alive long enough, you may find out who did this to you. This is a brutal blood sport. [Rockstar]",Metascore 76 out of 100,1549,Manhunt,PS2,2003,Action,Take-Two Interactive,0.63,0.49,0,0.16,1.28
,.hack//Infection Part 1,28-Aug-18,E,"A fourteen year old boy named Kite is invited by his schoolmate, Orca, to play the online game The World. While playing the game both Kite and his friend are attacked by an unknown monster. As a result, Orca becomes comatose in the real world. Despite his friend's condition, Kite continues to play The World believing he'll find a way to revive Orca. While playing, Kite accepts Book of Twilight from a mysterious girl in white. Kite is transformed into an outlaw player within the game wielding the very same power responsible for Orca's condition. [Bandai]",Metascore 75 out of 100,1565,.hack//Infection Part 1,PS2,2002,Role-Playing,Atari,0.49,0.38,0.26,0.13,1.27
,LEGO Batman: The Videogame,6-Sep-19,E,"A stampede of notorious criminals have busted out of Arkham Asylum, where Gotham City houses only the shadiest of characters. It's up to the famed Caped Crusader to sweep Gotham clean of criminal activity using everything at his disposal, including crime-fighting vehicles as well as several baddie-bashing bat gadgets. [Warner Bros.]",Metascore 76 out of 100,1555,LEGO Batman: The Videogame,PS2,2008,Action,Warner Bros. Interactive Entertainment,0.72,0.03,0,0.52,1.27
,LEGO The Lord of the Rings,2-Feb-21,T,LEGO The Lord of the Rings retells the story of the Lord of the Rings Trilogy through the visuals of the LEGO universe.,Metascore 80 out of 100,1582,LEGO The Lord of the Rings,X360,2012,Action,Warner Bros. Interactive Entertainment,0.63,0.51,0,0.11,1.26
,Lara Croft Tomb Raider: The Angel of Darkness,25-Nov-01,T,"A series of grisly murders brings Lara into conflict with a sinister Alchemist from the past, and a secret alliance of powerful individuals shrouded in mystery.  At the center of these mysteries are the Obscura Paintings - five 14th century pieces of art that the Alchemist is desperate to repossess.  Accused of the murder of her one time mentor, Werner Von Croy, Lara becomes a fugitive on the run. Pursued by the police, she follows the Alchemist into a dark world of blood, betrayal and vengeance where it is up to her to defeat this unholy alliance, and stop them from unleashing their incredible powers on the world. [Eidos Interactive]",Metascore 52 out of 100,1596,Lara Croft Tomb Raider: The Angel of Darkness,PS2,2003,Action,Eidos Interactive,0.61,0.48,0,0.16,1.25
,Tom Clancy's Splinter Cell: Pandora Tomorrow,28-Mar-05,M,"Tom Clancy's Splinter Cell: Pandora Tomorrow, the sequel to the stealth-action game Splinter Cell, once again casts you in the role of Sam Fisher, who is sent in to destroy top-secret documentation held in the embassy of militia leader Suhadi Sadono.  Use all-new moves and prototype gear to infiltrate buildings and spare the hostages.  This time, you can take your games of espionage against three other players in online multiplayer mode, in which you choose to play as either a mercenary or spy.  You've got the moves and the gear, now put them to use.",Metascore 93 out of 100,1597,Tom Clancy's Splinter Cell: Pandora Tomorrow,PS2,2004,Action,Ubisoft,0.52,0.56,0,0.17,1.25
,Baldur's Gate: Dark Alliance,20-Jan-21,M,"A darkness is gathering in the sprawling port town of Baldur's Gate. Members of the deteriorating city have been found dead, people fear leaving home, and rumors abound of a thieves' guild civil war brewing beneath the streets of the city. The player, down on his luck and carrying little other than a sword strapped to his back, comes fresh to the town and becomes all that stands in the way of the greatest threat ever to strike Baldur's Gate and the Sword Coast.  [Interplay]",Metascore 87 out of 100,1600,Baldur's Gate: Dark Alliance,PS2,2001,Role-Playing,Virgin Interactive,0.61,0.48,0,0.16,1.24
,Tales of Xillia,14-Feb-17,M,"TALES OF XILLIA draws players into the adventures of Jude Mathis, a medical student going to school in the capital city of Fennmont, and Milla Maxwell, a mysterious lady accompanied by four unseen beings.  In a tale that can be lived from either Jude or Milla’s perspective, the two heroes’ journeys fatefully intersect as they learn that the kingdom of Rashugal has been fatefully experimenting with a powerful device that has effectively been draining the world’s supply of mana.  Faced with the knowledge that continued experiments would result in dangerous results, Milla and Jude join forces to restore peace to a dying world in a dangerous journey that will test their courage and convictions.",Metascore 78 out of 100,1602,Tales of Xillia,PS3,2011,Role-Playing,Namco Bandai Games,0.29,0.19,0.67,0.09,1.24
,The Witcher 3: Wild Hunt,23-Mar-04,T,"With the Empire attacking the Kingdoms of the North and the Wild Hunt, a cavalcade of ghastly riders,  breathing down your neck, the only way to survive is to fight back. As Geralt of Rivia, a master swordsman and monster hunter, leave none of your enemies standing. Explore a gigantic open world, slay beasts and decide the fates of whole communities with your actions, all in a genuine next generation format.",Metascore 92 out of 100,1607,The Witcher 3: Wild Hunt,XOne,2015,Role-Playing,Namco Bandai Games,0.66,0.47,0,0.11,1.24
,Pac-Man,9-Aug-06,E,"[Xbox Live Arcade]  Play one of the all-time classic videogames with Pac-Man. Move through treacherous mazes and eat all the Pac-Dots to clear each stage while avoiding the sinister ghosts. Eat Power Pellets to become temporarily invincible. Turn the tables on the ghosts and chase them down. Eat all four ghosts to ear the most bonus points. Are you skilled enough to stay alive through all the stages? This classic video game was released in 1980, and became a phenomenon around the world. The Guinness Book of World Records acknowledged Pac-Man as the ""Most Successful Coin-Operated Game in History"" in 2005. Now you won't need a pocketful of quarters to play this classic arcade title. [Namco Bandai]",Metascore 62 out of 100,1640,Pac-Man,NES,1984,Puzzle,Namco Bandai Games,0.27,0.08,0.85,0.02,1.22
,Captain Toad: Treasure Tracker,5-Dec-14,E,"The intrepid Captain Toad sets off on his own adventure for the very first time through a wide variety of tricky, enemy-infested, maze-like stages to find hidden gems and nab elusive gold stars.",Metascore 81 out of 100,1689,Captain Toad: Treasure Tracker,WiiU,2014,Puzzle,Nintendo,0.56,0.36,0.19,0.09,1.19
,Mirror's Edge,25-Jan-24,M,"In a city where information is heavily monitored, agile couriers called runners transport sensitive data away from prying eyes. In this seemingly utopian paradise, a crime has been committed, your sister has been framed and now you are being hunted. You are a runner called faith - and this innovative first-person action-adventure is your story. Flow is what keeps you running, what keeps you alive. Mirror's Edge delivers you straight into the shoes of this unique heroine as she traverses the vertigo-inducing cityscape, engaging in intense combat and fast paced chases. With a never before seen sense of movement and perspective, you will be drawn into Faith's world. A world that is visceral, immediate, and very dangerous. Live or die? Soar or plummet? One thing is certain: in this city you will learn how to run. [Electronic Arts]",Metascore 79 out of 100,1738,Mirror's Edge,X360,2008,Platform,Electronic Arts,0.51,0.51,0.01,0.13,1.17
,Mirror's Edge,25-Jan-24,M,"In a city where information is heavily monitored, agile couriers called runners transport sensitive data away from prying eyes. In this seemingly utopian paradise, a crime has been committed, your sister has been framed and now you are being hunted. You are a runner called faith - and this innovative first-person action-adventure is your story. Flow is what keeps you running, what keeps you alive. Mirror's Edge delivers you straight into the shoes of this unique heroine as she traverses the vertigo-inducing cityscape, engaging in intense combat and fast paced chases. With a never before seen sense of movement and perspective, you will be drawn into Faith's world. A world that is visceral, immediate, and very dangerous. Live or die? Soar or plummet? One thing is certain: in this city you will learn how to run. [Electronic Arts]",Metascore 79 out of 100,1790,Mirror's Edge,PS3,2008,Platform,Electronic Arts,0.31,0.59,0.02,0.22,1.14
,Rabbids Go Home,2-Aug-16,E,"The Rabbids first comedy-adventure takes them to the moon or bust. Those crazy Rabbids have an infallible plan: collect all the human stuff they can find, heap it onto a giant pile and literally climb home to the moon. But not so fast.  The Humans revolt, unleashing the Verminators whose only objective is to exterminate the Rabbids. Rabbids Go Home game features include: The Rabbids First Comedy-Adventure: Control two Raving Rabbids and their shopping cart and cause mayhem in a world full of uptight Humans with shopping on the brain. Collect varying sizes of human stuff to build the Rabbids sky-high pile of junk in their quest to reach the moon. Make a huge mess and provoke hilarious situations in over 15 striking game environments: Scour through supermarkets, race across rooftops, jet past airports and boost through the Bayou, visiting the game's unique take on everyday places. Play over 40 missions: Race, chase, boost and generally run amok while scaring the Humans right down to their undies - literally! Ridicule reams of relentless enemies and their nasty pooches in an increasingly paranoid world of Rabbid-haters. Unique Art Direction: Encounter a cast of colorful, oddball characters and explore a remarkable parody of the modern world as if you were living inside an interactive cartoon! Variety of Gameplay: Soup up your shopping cart with a Jet Ski, an airplane reactor, or a hospital Bubble Bed to wreak endless havoc everywhere you turn. Learn to pilot your cart while boosting, jumping, gliding, floating and flying. [Ubisoft]",Metascore 78 out of 100,1791,Rabbids Go Home,Wii,2009,Platform,Ubisoft,0.26,0.75,0,0.14,1.14
,The Lord of the Rings: The Return of the King,29-Jul-20,T,"Return to Middle-earth in the only video game based on the epic final chapter of the highly-acclaimed The Lord of the Rings movie trilogy. Developed using the same digital assets as the films, The Return of the King re-creates in stunning detail the final events of the War of the Ring. Become the heroes who determine the fate of Middle-earth as you traverse the haunted Paths of the Dead, defend Minas Tirith from the onslaught of thousands of Sauron's minions, and even play co-op multiplayer with a friend as you march against the impenetrable Black Gates of Mordor. Eight playable characters, including Gandalf, Aragorn, Legolas, Gimli, Sam, and Frodo with exclusive voice-over provided by the films&#8217; actors. The fate of Middle-earth is in your hands. [Electronic Arts]",Metascore 85 out of 100,1797,The Lord of the Rings: The Return of the King,XB,2003,Action,Electronic Arts,0.71,0.38,0,0.05,1.14
,Fantasy Life,10-May-11,E10+,"A world where you live the life you have always wanted to lead. FANTASY LIFE is an original RPG for the Nintendo 3DS from LEVEL-5, featuring music by Nobuo Uematsu and image illustration by Yoshitaka Amano. 
Set in a beautiful and vast open world, players create their own avatars and take up a vocation of their choosing, living out their lives as they see fit. You can set out on an adventure to save the world, or spend your days in leisurely pursuits such as cooking or fishing. Find the meaning of your new life in the limitless possibilities that reside in FANTASY LIFE on the Nintendo 3DS.",Metascore 73 out of 100,1808,Fantasy Life,3DS,2012,Role-Playing,Nintendo,0.33,0.37,0.37,0.06,1.13
,Castlevania: Lords of Shadow,29-Jan-19,E10+,"Castlevania: Lords of Shadow takes place at the end of days. The Earth's alliance with the Heavens has been threatened by a dark and malevolent force - the mysterious Lords of Shadow - darkness reins the world.  Across this shattered land, the souls of the dead wander unable to find peace, whilst creatures of evil roam free wreaking chaos and death upon the living.  Gabriel is a member of the Brotherhood of Light, an elite group of holy knights who protect and defend the innocent against the supernatural. His beloved wife was brutally murdered by the evil forces of darkness and her soul trapped for eternity. Neither living nor dead she realizes the horrific truth of what is at stake and guides Gabriel to his destiny - and hopefully salvation for the world... but at what cost? Thus, Gabriel must travel the destroyed world, defeating the evil tyrants in order to use their powers to bring balance back to the world. Armed with the versatile Combat Cross - the world's last hope must encounter the three factions of the Lords of Shadow and end their unholy rule. Mercury Steam has created a rich, open game world that traverses snowy mountain ranges, Gothic castles, and undead-strewn wastelands in a devastated Southern Europe during the Middle Ages. [Konami]",Metascore 83 out of 100,1824,Castlevania: Lords of Shadow,PS3,2010,Action,Konami Digital Entertainment,0.5,0.37,0.1,0.16,1.12
,Lode Runner,7-Dec-04,E,"[Xbox Live Arcade]  The classic action game Lode Runner is back, with 220 new levels and even more surprises! Confront crazed enemies in fresh sets of single-player levels and fun-filled co-op challenges, or lean back and master increasingly complex puzzles. Battle it out with endlessly spawning enemies in a feverish new mode, or challenge up to three friends in a cunning game of high speed tag, where the first to die are the first to avenge - as enemies! Create custom levels and host matches over Xbox LIVE. Lode Runner legacy: Inspired by the classic action title, but the game is recreated from the ground up for Xbox LIVE Arcade with 3-D graphics, all-new levels, and play modes. Game modes for everyone: Play expansive single-player and co-op Journey campaigns, frantic Hang On survival challenges, complex puzzles, and a four-player Last Man competition that rewards sabotage, revenge, and outright deviousness. New content: Explore five worlds inhabited by unique enemies and special terrain such as avalanche blocks, stalactites, and teleports. Blast blocks with bombs and collect energy balls to add lives. Unearth hidden enemies! Transition from one level to the next seamlessly. Master new co-operative play techniques like blasting blocks while riding on a buddy's head. Level editor and community: Design custom levels for any game mode and environment to challenge your friends. Host Xbox LIVE matches with your cunning creations or upload and download the coolest custom levels from the Lode Runner community. [Tozai]",Metascore 76 out of 100,1859,Lode Runner,NES,1984,Puzzle,Hudson Soft,0,0,1.1,0,1.1
,LEGO The Lord of the Rings,2-Feb-21,T,LEGO The Lord of the Rings retells the story of the Lord of the Rings Trilogy through the visuals of the LEGO universe.,Metascore 80 out of 100,1855,LEGO The Lord of the Rings,PS3,2012,Action,Warner Bros. Interactive Entertainment,0.36,0.53,0,0.21,1.1
,Tales of Symphonia,7-Jun-04,E,"In a dying village on Sylvarant, legend has it that a Chosen One will one day appear from among the people, and the land will be reborn. Now, you must enter a cel-shaded world in which you command real-time battles. Execute and combine hundreds of special attacks, magic spells, and combos. Each character grows to suit your fighting style, and the storyline changes based on the characters' relationships. The line between good and evil blurs in this immersive adventure where the fate of two interlocked worlds hangs in the balance.",Metascore 86 out of 100,1868,Tales of Symphonia,GC,2003,Role-Playing,Nintendo,0.54,0.21,0.31,0.04,1.1
,Dragon Ball Z: The Legacy of Goku II,23-Jun-09,T,"Just when the Z Fighters thought the struggle against evil was over, a new evil approaches.  In the next episode in the Z Fighters' quest to rid the universe of evil, you'll take on the role of Trunks, Goku, Gohan, Piccolo, or Vegeta as they journey through the Cell Saga and prepare to battle with the mighty Cell himself.  With five playable characters, hours of gameplay, and massive game maps to explore, it's a DBZ adventure of epic proportions.",Metascore 75 out of 100,1877,Dragon Ball Z: The Legacy of Goku II,GBA,2003,Role-Playing,Atari,0.78,0.29,0,0.02,1.09
,MySims Agents,13-Jul-17,E,"In MySims Agents players take on the role of a special agent hired to foil the sinister plans of Morcubus, lord of the criminal underworld. By recruiting different MySims, each with their own special characteristics, players can build up their very own crime-busting dream team. From tracking footprints and using forensics to picking locks, hacking into computers, following leads and collecting clues, players must rely on their wits, skills and trusty gadgets to piece together the clues to solve the mystery.  Jump aboard the jet to reach an ancient temple, a spooky mansion or an icy mountaintop chalet in search of clues that lead players closer to the sinister Morcubus. Return from the adventure with cool treasures that players can use to construct and customize their headquarters and make it their own. [Electronic Arts]",Metascore 78 out of 100,1901,MySims Agents,DS,2009,Adventure,Electronic Arts,0.55,0.43,0,0.11,1.08
,Prince of Persia,3-Jun-02,E,"Set in a land rooted in ancient Persian mythology, the Prince finds himself caught in an epic battle between the primal forces of light and darkness: the God of Light, Ormazd versus his brother Ahriman, the destructive God of Darkness. The Prince arrives just in time to witness the destruction of the legendary Tree of Life - an act which threatens to plunge the entire world into eternal darkness. Manifested in the form of the Corruption, a dark substance that physically contaminates the land and the skies, the Prince must partner with Elika, a deadly companion, to heal the world from the evil Corruption. [Ubisoft]",Metascore 81 out of 100,1896,Prince of Persia,PS3,2008,Action,Ubisoft,0.47,0.41,0.03,0.18,1.08
,Disney Universe,24-May-10,E,"In Disney Universe, players can select from more than 40 classic and contemporary Disney character costumes, including Alice (&quot;Alice in Wonderland&quot;), Mike (&quot;Monsters, Inc.&quot;), TRON (&quot;TRON: Legacy&quot;) and Stitch (&quot;Lilo &amp; Stitch&quot;) to explore six different worlds inspired by legendary Disney and Disney Pixar films.  Each world will allow players to experience objectives and missions that follow Disney and Disney Pixar movie storylines.  Players will select a character-based costume, with each costume offering a specific tool that changes and grows in power as players adventure through the game.  Disney Universe offers frenetic gameplay, multiplayer with up to three friends and slapstick humor that will appeal to players of all ages.",Metascore 66 out of 100,1935,Disney Universe,Wii,2011,Action,Disney Interactive Studios,0.67,0.3,0,0.1,1.07
,Diablo II: Lord of Destruction,2-Dec-01,T,"With a stash that's double the size of the ""Diablo II's,"" hundreds of new types of items and magical properties, two new powerful character classes -- the Assassin and the Druid -- , and an improved enemy A.I., this expansion pack should reinforce the staying power of an already legendary RPG.",Metascore 87 out of 100,1959,Diablo II: Lord of Destruction,PC,2001,Role-Playing,Vivendi Games,1.03,0.02,0,0,1.06
,MySims Agents,13-Jul-17,E,"In MySims Agents players take on the role of a special agent hired to foil the sinister plans of Morcubus, lord of the criminal underworld. By recruiting different MySims, each with their own special characteristics, players can build up their very own crime-busting dream team. From tracking footprints and using forensics to picking locks, hacking into computers, following leads and collecting clues, players must rely on their wits, skills and trusty gadgets to piece together the clues to solve the mystery.  Jump aboard the jet to reach an ancient temple, a spooky mansion or an icy mountaintop chalet in search of clues that lead players closer to the sinister Morcubus. Return from the adventure with cool treasures that players can use to construct and customize their headquarters and make it their own. [Electronic Arts]",Metascore 78 out of 100,1986,MySims Agents,Wii,2009,Adventure,Electronic Arts,0.62,0.32,0,0.1,1.05
,Legacy of Kain: Soul Reaver,2-Mar-04,M,"Cast down to the material world, the mysterious entity 'Raziel' seeks vengeance for betrayal by his master: Kain. Cursed to stalk the dark realms of Nosgoth, he must slay his undead brethren; only then can he absorb their souls for the energy he craves. Moving between the spectral and material plane, Raziel must negotiate puzzles, overcome traps and defy blood-chilling enemies to reach his goal - the final battle with Kain!",Metascore 91 out of 100,1992,Legacy of Kain: Soul Reaver,PS,,Action,Eidos Interactive,0.58,0.4,0,0.07,1.04
,Ninja Gaiden II,1-Dec-22,E,"(Also known as ""Ninja Gaiden 2"")  In Ninja Gaiden II, gamers must guide Ryu Hayabusa on a mission to avenge his clan and prevent the destruction of the human race. Armed with an assortment of ninja weaponry, players must help Ryu skillfully maneuver through a world fraught with peril and danger. Ninja Gaiden II features an all-new gameplay engine, a new auto-health regeneration system, levels, adventures, enemies and thrilling combat with an extensive assortment of ninja weaponry, representing a true evolution of the highly popular franchise. Assuming the role of a ninja warrior, players experience an all-new combat system that requires skill and mastery of their full arsenal of weapons, including Obliteration Techniques that allow players to quickly and stylishly finish off an opponent. In addition to the variety of brutal new primary weapons and enhanced versions of previous favorites, Ninja Gaiden II features unique acrobatic combat and attacks used not only by Ryu Hayabusa but also by his formidable enemies. The new auto-healing system in Ninja Gaiden II, featuring semi-permanent damage restored at save points, is the natural evolution of the franchise's distinctive gameplay and introduces a new twist to managing health. With a newly implemented auto-healing functionality and save-point system, as well as an extensive story mode and multiple difficulty levels available from the start of the game, the gameplay of Ninja Gaiden II is both accessible to more casual players and challenging to even the most demanding gamers. [Team Ninja]",Metascore 81 out of 100,2047,Ninja Gaiden II,X360,2008,Action,Tecmo Koei,0.65,0.22,0.05,0.1,1.01
,Prince of Persia,3-Jun-02,E,"Set in a land rooted in ancient Persian mythology, the Prince finds himself caught in an epic battle between the primal forces of light and darkness: the God of Light, Ormazd versus his brother Ahriman, the destructive God of Darkness. The Prince arrives just in time to witness the destruction of the legendary Tree of Life - an act which threatens to plunge the entire world into eternal darkness. Manifested in the form of the Corruption, a dark substance that physically contaminates the land and the skies, the Prince must partner with Elika, a deadly companion, to heal the world from the evil Corruption. [Ubisoft]",Metascore 81 out of 100,2044,Prince of Persia,X360,2008,Action,Ubisoft,0.54,0.35,0.02,0.1,1.01
,Disney Infinity,14-May-02,M,"In Disney's most ambitious video game initiative ever, Disney Infinity introduces an all-new game universe where a spark of imagination unlocks a fantastical world where players have unprecedented freedom and endless opportunity to create stories and play experiences starring the beloved characters from Walt Disney and Pixar Animation Studios' most popular franchises.",Metascore 74 out of 100,2079,Disney Infinity,PS3,2013,Action,Disney Interactive Studios,0.48,0.35,0,0.16,1